{"train/loss": 1.5394, "train/learning_rate": 4.1666666666666667e-07, "train/epoch": 0.0, "train/global_step": 1, "_timestamp": 1703647817.5026855, "_runtime": 30.45676851272583, "_step": 0, "_wandb": {"runtime": 100}}