{"train/loss": 1.0067, "train/learning_rate": 1.9995065603657317e-05, "train/epoch": 0.01, "train/global_step": 25, "_timestamp": 1703642037.162401, "_runtime": 151.75775694847107, "_step": 5, "_wandb": {"runtime": 162}}