{"train/loss": 1.2727, "train/learning_rate": 4e-05, "train/epoch": 0.33, "train/global_step": 1, "_timestamp": 1703644892.8590937, "_runtime": 668.8167476654053, "_step": 3, "eval/loss": 1.346835732460022, "eval/runtime": 0.7097, "eval/samples_per_second": 14.09, "eval/steps_per_second": 4.227, "train/train_runtime": 670.5207, "train/train_samples_per_second": 0.015, "train/train_steps_per_second": 0.004, "train/total_flos": 82841111101440.0, "train/train_loss": 1.2727434635162354, "_wandb": {"runtime": 709}}