{"train/loss": 1.5394, "train/learning_rate": 4e-05, "train/epoch": 0.0, "train/global_step": 2, "_timestamp": 1703649144.9805539, "_runtime": 178.0311529636383, "_step": 2, "eval/loss": 1.2635648250579834, "eval/runtime": 118.1644, "eval/samples_per_second": 16.926, "eval/steps_per_second": 4.231, "train/train_runtime": 179.0955, "train/train_samples_per_second": 0.179, "train/train_steps_per_second": 0.011, "train/total_flos": 2650915555246080.0, "train/train_loss": 1.5384307503700256, "_wandb": {"runtime": 253}}