{"train/loss": 1.4124, "train/learning_rate": 4.1666666666666667e-07, "train/epoch": 0.0, "train/global_step": 1, "_timestamp": 1703647446.523963, "_runtime": 11.171355962753296, "_step": 0, "_wandb": {"runtime": 41}}