{"train/loss": 1.5394, "train/learning_rate": 4.1666666666666667e-07, "train/epoch": 0.0, "train/global_step": 1, "_timestamp": 1703648518.3432512, "_runtime": 30.824743270874023, "_step": 0, "_wandb": {"runtime": 54}}