{"train/loss": 1.4447, "train/learning_rate": 1e-05, "train/epoch": 0.1, "train/global_step": 3, "_timestamp": 1703646549.7970035, "_runtime": 87.93667650222778, "_step": 1, "train/train_runtime": 88.9633, "train/train_samples_per_second": 5.62, "train/train_steps_per_second": 0.348, "train/total_flos": 4639102221680640.0, "train/train_loss": 1.697432557741801, "_wandb": {"runtime": 97}}