{"train/loss": 1.2727, "train/learning_rate": 4e-05, "train/epoch": 0.33, "train/global_step": 1, "_timestamp": 1703643790.7296028, "_runtime": 3.1520678997039795, "_step": 0}