{"train/loss": 1.5394, "train/learning_rate": 4e-05, "train/epoch": 0.0, "train/global_step": 2, "_timestamp": 1703649489.9728093, "_runtime": 60.894543409347534, "_step": 3, "eval/loss": 1.19596529006958, "eval/runtime": 0.5113, "eval/samples_per_second": 19.559, "eval/steps_per_second": 5.868, "train/train_runtime": 61.4575, "train/train_samples_per_second": 0.521, "train/train_steps_per_second": 0.033, "train/total_flos": 2650915555246080.0, "train/train_loss": 1.5384307503700256}