{"train/loss": 1.5394, "train/learning_rate": 4e-05, "train/epoch": 0.0, "train/global_step": 1, "_timestamp": 1703648898.9131503, "_runtime": 31.243650197982788, "_step": 0}