{"train/loss": 1.5806, "train/learning_rate": 2.0833333333333334e-06, "train/epoch": 0.0, "train/global_step": 5, "_timestamp": 1703647253.080262, "_runtime": 54.18754005432129, "_step": 1}