{"train/loss": 1.4447, "train/learning_rate": 1e-05, "train/epoch": 0.1, "train/global_step": 3, "_timestamp": 1703646335.4892132, "_runtime": 87.84013724327087, "_step": 1, "train/train_runtime": 88.8938, "train/train_samples_per_second": 5.625, "train/train_steps_per_second": 0.349, "train/total_flos": 4639102221680640.0, "train/train_loss": 1.697563370068868, "_wandb": {"runtime": 94}}