{"train/loss": 1.5394, "train/learning_rate": 4e-05, "train/epoch": 0.0, "train/global_step": 2, "_timestamp": 1703649726.3202238, "_runtime": 61.666996717453, "_step": 4, "eval/loss": 1.195066213607788, "eval/runtime": 0.5298, "eval/samples_per_second": 18.876, "eval/steps_per_second": 5.663, "train/train_runtime": 62.1952, "train/train_samples_per_second": 0.515, "train/train_steps_per_second": 0.032, "train/total_flos": 2650915555246080.0, "train/train_loss": 1.5384307503700256}