{"train/loss": 1.4138, "train/learning_rate": 1.3333333333333333e-05, "train/epoch": 0.12, "train/global_step": 3, "_timestamp": 1703646151.252066, "_runtime": 93.10238885879517, "_step": 1, "train/train_runtime": 94.1591, "train/train_samples_per_second": 5.31, "train/train_steps_per_second": 0.266, "train/total_flos": 4639102221680640.0, "train/train_loss": 1.4756096204121907, "_wandb": {"runtime": 101}}