{"train/loss": 1.5394, "train/learning_rate": 4e-05, "train/epoch": 0.0, "train/global_step": 2, "_timestamp": 1703648627.7646596, "_runtime": 60.06382369995117, "_step": 1, "train/train_runtime": 61.1028, "train/train_samples_per_second": 0.524, "train/train_steps_per_second": 0.033, "train/total_flos": 2650915555246080.0, "train/train_loss": 1.5384307503700256, "_wandb": {"runtime": 68}}