{"train/loss": 1.2727, "train/learning_rate": 1.5000000000000002e-05, "train/epoch": 0.33, "train/global_step": 1, "_timestamp": 1703643111.0890076, "_runtime": 3.7978765964508057, "_step": 3, "eval/loss": 1.2840009927749634, "eval/runtime": 0.5015, "eval/samples_per_second": 19.941, "eval/steps_per_second": 5.982, "train/train_runtime": 4.5773, "train/train_samples_per_second": 2.185, "train/train_steps_per_second": 0.655, "train/total_flos": 82841111101440.0, "train/train_loss": 1.2727434635162354, "_wandb": {"runtime": 60}}