{"train/loss": 1.4082, "train/learning_rate": 4.1666666666666667e-07, "train/epoch": 0.0, "train/global_step": 1, "_timestamp": 1703647338.4077098, "_runtime": 14.06794285774231, "_step": 0}