{"train/loss": 1.5312, "train/learning_rate": 2.0833333333333334e-06, "train/epoch": 0.01, "train/global_step": 5, "_timestamp": 1703648057.0745704, "_runtime": 126.42060446739197, "_step": 1, "_wandb": {"runtime": 137}}