{"train/loss": 1.5394, "train/learning_rate": 4e-05, "train/epoch": 0.0, "train/global_step": 1, "_timestamp": 1703648799.4876451, "_runtime": 31.39819622039795, "_step": 0, "_wandb": {"runtime": 67}}